Model_Name,Bias_Type,Marginalized_Bias_Score,Non_Maarginalized_Bias_scores
AraAlBERT_results_NB,Sexual_orientation,0.5763888888888888,0.5833333333333334
AraAlBERT_results_NB,Gender,0.5277777777777778,0.6111111111111112
AraAlBERT_results_NB,Refugees,0.5659722222222222,0.6388888888888888
AraAlBERT_results_NB,Race,0.5740740740740741,0.5833333333333334
AraAlBERT_results_NB,Religion,0.5341880341880342,0.5972222222222222
AraAlBERT_results_NB,Physical_ability,0.5393518518518519,0.5555555555555556
