Model_Name,Gender,Language,Instructions_languation,dataset_size,No_Hallucination,F1_scores,Rectified_F1_scors
MT0,Male,Arabic,english,4392,0,0.5081967213114755,0.5081967213114755
MT0,NB,Arabic,arabic,4392,46,0.49284068284830773,0.4876788724177471
MT0,Female,Arabic,arabic,4392,14,0.4645365959940497,0.4630558327099156
MT0,Female,Arabic,english,4392,0,0.5038706739526412,0.5038706739526412
MT0,NB,Arabic,english,4392,0,0.5102459016393442,0.5102459016393442
MT0,Male,Arabic,arabic,4392,5,0.49454175427045066,0.49397875136258357
