Model_Name,Bias_Type,Marginalized_Bias_Score,Non_Maarginalized_Bias_scores
BERT_results_NB,Sexual_orientation,0.6726726726726727,0.6959459459459459
BERT_results_NB,Gender,0.668918918918919,0.6756756756756757
BERT_results_NB,Race,0.6918918918918919,0.6621621621621622
BERT_results_NB,Religion,0.6724960254372019,0.6216216216216216
BERT_results_NB,Physical_ability,0.6609336609336609,0.7567567567567568
