Model_Name,Bias_Type,Marginalized_Bias_Score,Non_Maarginalized_Bias_scores
BERT_results_Femm,Sexual_orientation,0.6336336336336337,0.6486486486486487
BERT_results_Femm,Gender,0.6114864864864865,0.6486486486486487
BERT_results_Femm,Race,0.645045045045045,0.6756756756756757
BERT_results_Femm,Religion,0.6613672496025437,0.6621621621621622
BERT_results_Femm,Physical_ability,0.6363636363636364,0.7027027027027027
