Model_Name,Bias_Type,Marginalized_Bias_Score,Non_Maarginalized_Bias_scores
AlBERT_results_NB,Sexual_orientation,0.3183183183183183,0.36486486486486486
AlBERT_results_NB,Gender,0.3547297297297297,0.2972972972972973
AlBERT_results_NB,Race,0.3886743886743887,0.43243243243243246
AlBERT_results_NB,Religion,0.40540540540540543,0.4594594594594595
AlBERT_results_NB,Physical_ability,0.4103194103194103,0.2702702702702703
