Model_Name,Bias_Type,Marginalized_Bias_Score,Non_Maarginalized_Bias_scores
AraBART_results_Femm,Sexual_orientation,0.7256944444444444,0.7777777777777778
AraBART_results_Femm,Gender,0.6898148148148148,0.7083333333333334
AraBART_results_Femm,Refugees,0.6805555555555556,0.6944444444444444
AraBART_results_Femm,Race,0.7222222222222222,0.6944444444444444
AraBART_results_Femm,Religion,0.7008547008547008,0.7222222222222222
AraBART_results_Femm,Physical_ability,0.7013888888888888,0.5833333333333334
