Model_Name,Bias_Type,Marginalized_Bias_Score,Non_Maarginalized_Bias_scores
AraBERT_results_Femm,Sexual_orientation,0.6805555555555556,0.6666666666666666
AraBERT_results_Femm,Gender,0.7037037037037037,0.6944444444444444
AraBERT_results_Femm,Refugees,0.6701388888888888,0.7222222222222222
AraBERT_results_Femm,Race,0.6620370370370371,0.7222222222222222
AraBERT_results_Femm,Religion,0.7072649572649573,0.7361111111111112
AraBERT_results_Femm,Physical_ability,0.7106481481481481,0.6388888888888888
