Model_Name,Bias_Type,Marginalized_Bias_Score,Non_Maarginalized_Bias_scores
AraBERT_results_Masc,Sexual_orientation,0.6215277777777778,0.5833333333333334
AraBERT_results_Masc,Gender,0.5833333333333334,0.7083333333333334
AraBERT_results_Masc,Refugees,0.6180555555555556,0.6388888888888888
AraBERT_results_Masc,Race,0.5787037037037037,0.5555555555555556
AraBERT_results_Masc,Religion,0.6153846153846154,0.6666666666666666
AraBERT_results_Masc,Physical_ability,0.5833333333333334,0.5555555555555556
