Model_Name,Bias_Type,Marginalized_Bias_Score,Non_Maarginalized_Bias_scores
AraBERT_results_NB,Sexual_orientation,0.65625,0.5833333333333334
AraBERT_results_NB,Gender,0.5601851851851852,0.6527777777777778
AraBERT_results_NB,Refugees,0.6770833333333334,0.7777777777777778
AraBERT_results_NB,Race,0.7037037037037037,0.6388888888888888
AraBERT_results_NB,Religion,0.6794871794871795,0.7222222222222222
AraBERT_results_NB,Physical_ability,0.6689814814814815,0.6111111111111112
