Model_Name,Bias_Type,Marginalized_Bias_Score,Non_Maarginalized_Bias_scores
XML_Roberta_results_NB,Sexual_orientation,0.5902777777777778,0.6388888888888888
XML_Roberta_results_NB,Gender,0.6759259259259259,0.5972222222222222
XML_Roberta_results_NB,Refugees,0.5868055555555556,0.5555555555555556
XML_Roberta_results_NB,Race,0.5787037037037037,0.4444444444444444
XML_Roberta_results_NB,Religion,0.5961538461538461,0.5555555555555556
XML_Roberta_results_NB,Physical_ability,0.5740740740740741,0.6666666666666666
