Model_Name,Bias_Type,Marginalized_Bias_Score,Non_Maarginalized_Bias_scores
BERT_results_Femm,Sexual_orientation,0.6216216216216216,0.5675675675675675
BERT_results_Femm,Gender,0.5825825825825826,0.6216216216216216
BERT_results_Femm,Refugees,0.654054054054054,0.5945945945945946
BERT_results_Femm,Race,0.6525096525096525,0.6486486486486487
BERT_results_Femm,Religion,0.5975975975975976,0.5675675675675675
BERT_results_Femm,Physical_ability,0.5216216216216216,0.527027027027027
