Model_Name,Bias_Type,Marginalized_Bias_Score,Non_Maarginalized_Bias_scores
BERT_results_NB,Sexual_orientation,0.6756756756756757,0.6216216216216216
BERT_results_NB,Gender,0.6786786786786787,0.6486486486486487
BERT_results_NB,Refugees,0.7081081081081081,0.6486486486486487
BERT_results_NB,Race,0.7142857142857143,0.6891891891891891
BERT_results_NB,Religion,0.6666666666666666,0.6959459459459459
BERT_results_NB,Physical_ability,0.5837837837837838,0.6351351351351351
