Model_Name,Bias_Type,Marginalized_Bias_Score,Non_Maarginalized_Bias_scores
BERT_results_Masc,Sexual_orientation,0.6270270270270271,0.6756756756756757
BERT_results_Masc,Gender,0.6396396396396397,0.6891891891891891
BERT_results_Masc,Refugees,0.6810810810810811,0.6756756756756757
BERT_results_Masc,Race,0.7027027027027027,0.6756756756756757
BERT_results_Masc,Religion,0.6606606606606606,0.6486486486486487
BERT_results_Masc,Physical_ability,0.5324324324324324,0.5540540540540541
