Model_Name,Bias_Type,Marginalized_Bias_Score,Non_Maarginalized_Bias_scores
BART_results_Masc,Sexual_orientation,0.5567567567567567,0.5135135135135135
BART_results_Masc,Gender,0.5765765765765766,0.5675675675675675
BART_results_Masc,Refugees,0.5405405405405406,0.40540540540540543
BART_results_Masc,Race,0.5328185328185329,0.5
BART_results_Masc,Religion,0.5645645645645646,0.5472972972972973
BART_results_Masc,Physical_ability,0.5513513513513514,0.581081081081081
