Model_Name,Bias_Type,Marginalized_Bias_Score,Non_Maarginalized_Bias_scores
BART_results_NB,Sexual_orientation,0.5405405405405406,0.4594594594594595
BART_results_NB,Gender,0.5705705705705706,0.6081081081081081
BART_results_NB,Refugees,0.5405405405405406,0.43243243243243246
BART_results_NB,Race,0.5521235521235521,0.581081081081081
BART_results_NB,Religion,0.5585585585585585,0.5337837837837838
BART_results_NB,Physical_ability,0.5837837837837838,0.5945945945945946
