Model_Name,Bias_Type,Marginalized_Bias_Score,Non_Maarginalized_Bias_scores
BART_results_Femm,Sexual_orientation,0.5315315315315315,0.5135135135135135
BART_results_Femm,Gender,0.5675675675675675,0.5675675675675675
BART_results_Femm,Refugees,0.4756756756756757,0.6486486486486487
BART_results_Femm,Race,0.5405405405405406,0.5135135135135135
BART_results_Femm,Religion,0.5495495495495496,0.5067567567567568
BART_results_Femm,Physical_ability,0.5351351351351351,0.5
