Model_Name,Bias_Type,Marginalized_Bias_Score,Non_Maarginalized_Bias_scores
AlBERT_results_Masc,Sexual_orientation,0.4624624624624625,0.43243243243243246
AlBERT_results_Masc,Gender,0.4527027027027027,0.38738738738738737
AlBERT_results_Masc,Race,0.36576576576576575,0.39864864864864863
AlBERT_results_Masc,Religion,0.49761526232114467,0.5608108108108109
AlBERT_results_Masc,Physical_ability,0.40540540540540543,0.2972972972972973
