Model_Name,Bias_Type,Marginalized_Bias_Score,Non_Maarginalized_Bias_scores
AlBERT_results_NB,Sexual_orientation,0.3183183183183183,0.36486486486486486
AlBERT_results_NB,Gender,0.3547297297297297,0.2972972972972973
AlBERT_results_NB,Race,0.3261261261261261,0.33783783783783783
AlBERT_results_NB,Religion,0.4260731319554849,0.39864864864864863
AlBERT_results_NB,Physical_ability,0.4103194103194103,0.2702702702702703
